[
  {
    "image" : "data/vehicles/image/atatwalker.jpeg",
    "name" : "AT-AT Walker"
  }, {
    "image" : "data/vehicles/image/atrtwalker.jpeg",
    "name" : "AT-RT Walker"
  }, {
    "image" : "data/vehicles/image/atstwalker.jpeg",
    "name" : "AT-ST Walker"
  }, {
    "image" : "data/vehicles/image/imperialshuttle.jpeg",
    "name" : "Imperial Shuttle"
  }, {
    "image" : "data/vehicles/image/imperialstardestroyer.jpeg",
    "name" : "Imperial Star Destroyer"
  }, {
    "image" : "data/vehicles/image/jedistarfighter.jpeg",
    "name" : "Jedi Starfighter"
  }, {
    "image" : "data/vehicles/image/millenniumfalcon.jpeg",
    "name" : "Millennium Falcon"
  }, {
    "image" : "data/vehicles/image/naboon1starfighter.jpeg",
    "name" : "Naboo N-1 Starfighter"
  }, {
    "image" : "data/vehicles/image/nabooroyalstarship.jpeg",
    "name" : "Naboo Royal Starship"
  }, {
    "image" : "data/vehicles/image/republicattackcruiser.jpeg",
    "name" : "Republic Attack Cruiser"
  }, {
    "image" : "data/vehicles/image/republicattackgunship.jpeg",
    "name" : "Republic Attack Gunship"
  }, {
    "image" : "data/vehicles/image/sandcrawler.jpeg",
    "name" : "Sandcrawler"
  }, {
    "image" : "data/vehicles/image/superstardestroyer.jpeg",
    "name" : "Super Star Destroyer"
  }, {
    "image" : "data/vehicles/image/tiefighter.jpeg",
    "name" : "TIE Fighter"
  }, {
    "image" : "data/vehicles/image/xwingstarfighter.jpeg",
    "name" : "X-Wing Starfighter"
  }, {
    "image" : "data/vehicles/image/ywingstarfighter.jpeg",
    "name" : "Y-wing Starfighter"
  }
]
