[
  {
    "title": "Star Wars: Episode I - The Phantom Menace",
    "plot": "Two Jedi Knights escape a hostile blockade to find allies and come across a young boy who may bring balance to the Force, but the long dormant Sith resurface to reclaim their old glory.",
    "director": "George Lucas",
    "duration": 136,
    "score": 6.6,
    "cast": [
      "Liam Neeson",
      "Ewan McGregor",
      "Natalie Portman",
      "Jake Lloyd",
      "Ian McDiarmid",
      "Anthony Daniels",
      "Kenny Baker",
      "Frank Oz"
    ],
    "year": 1999
  },
  {
    "title": "Star Wars: Episode II - Attack of the Clones",
    "plot": "Ten years after initially meeting, Anakin Skywalker shares a forbidden romance with Padmé, while Obi-Wan investigates an assassination attempt on the Senator and discovers a secret clone army crafted for the Jedi.",
    "director": "George Lucas",
    "duration": 142,
    "score": 6.8,
    "cast": [
      "Ewan McGregor",
      "Natalie Portman",
      "Hayden Christensen",
      "Christopher Lee",
      "Samuel L. Jackson",
      "Frank Oz",
      "Ian McDiarmid",
      "Anthony Daniels",
      "Kenny Baker"
    ],
    "year": 2002
  },
  {
    "title": "Star Wars: Episode III - Revenge of the Sith",
    "plot": "As the Clone Wars near an end, the Sith Lord Darth Sidious steps out of the shadows, at which time Anakin succumbs to his emotions, becoming Darth Vader and putting his relationships with Obi-Wan and Padme at risk.",
    "director": "George Lucas",
    "duration": 140,
    "score": 7.7,
    "cast": [
      "Ewan McGregor",
      "Natalie Portman",
      "Hayden Christensen",
      "Christopher Lee",
      "Samuel L. Jackson",
      "Frank Oz",
      "Ian McDiarmid",
      "Anthony Daniels",
      "Kenny Baker"
    ],
    "year": 2005
  },
  {
    "title": "Star Wars: Episode IV - A New Hope",
    "plot": "Luke Skywalker joins forces with a Jedi Knight, a cocky pilot, a wookiee and two droids to save the universe from the Empire's world-destroying battle-station, while also attempting to rescue Princess Leia from the evil Darth Vader.",
    "director": "George Lucas",
    "duration": 121,
    "score": 8.7,
    "cast": [
      "Mark Hamill",
      "Harrison Ford",
      "Carrie Fisher",
      "Peter Cushing",
      "Alec Guinness",
      "Anthony Daniels",
      "Kenny Baker",
      "Peter Mayhew",
      "David Prowse"
    ],
    "year": 1977
  },
  {
    "title": "Star Wars: Episode V - The Empire Strikes Back",
    "plot": "After the rebels have been brutally overpowered by the Empire on their newly established base, Luke Skywalker takes advanced Jedi training with Master Yoda, while his friends are pursued by Darth Vader as part of his plan to capture Luke.",
    "director": "Irvin Kershner",
    "duration": 124,
    "score": 8.8,
    "cast": [
      "Mark Hamill",
      "Harrison Ford",
      "Carrie Fisher",
      "Peter Cushing",
      "Billy Dee Williams",
      "Anthony Daniels",
      "Kenny Baker",
      "Peter Mayhew",
      "David Prowse"
    ],
    "year": 1980
  },
  {
    "title": "Star Wars: Episode VI - Return of the Jedi",
    "plot": "After rescuing Han Solo from the palace of Jabba the Hutt, the rebels attempt to destroy the second Death Star, while Luke struggles to make Vader shake off of the dark side of the Force.",
    "director": "Richard Marquand",
    "duration": 134,
    "score": 8.4,
    "cast": [
      "Mark Hamill",
      "Harrison Ford",
      "Carrie Fisher",
      "Peter Cushing",
      "Billy Dee Williams",
      "Anthony Daniels",
      "Kenny Baker",
      "Peter Mayhew",
      "David Prowse"
    ],
    "year": 1983
  }
]