{
  "books" : [ {
    "author" : "Tim Lebbon",
    "era" : "Pre-Republic",
    "rating" : 1,
    "title" : "Dawn of the Jedi: Into the Void",
    "type" : "print"
  }, {
    "author" : "John Jackson Miller",
    "era" : "Old Republic",
    "rating" : 6,
    "title" : "Lost Tribe of the Sith: Precipice",
    "type" : "e-book"
  }, {
    "author" : "John Jackson Miller",
    "era" : "Old Republic",
    "rating" : 7,
    "title" : "Lost Tribe of the Sith: Skyborn",
    "type" : "e-book"
  }, {
    "author" : "John Jackson Miller",
    "era" : "Old Republic",
    "rating" : 0,
    "title" : "Lost Tribe of the Sith: Paragon",
    "type" : "e-book"
  }, {
    "author" : "John Jackson Miller",
    "era" : "Old Republic",
    "rating" : 8,
    "title" : "Lost Tribe of the Sith: Savior",
    "type" : "e-book"
  }, {
    "author" : "John Jackson Miller",
    "era" : "Old Republic",
    "rating" : 0,
    "title" : "Lost Tribe of the Sith: Purgatory",
    "type" : "e-book"
  }, {
    "author" : "John Jackson Miller",
    "era" : "Old Republic",
    "rating" : 0,
    "title" : "Lost Tribe of the Sith: Sentinel",
    "type" : "e-book"
  }, {
    "author" : "Drew Karpyshyn",
    "era" : "Old Republic",
    "rating" : 0,
    "title" : "Star Wars: The Old Republic: Revan",
    "type" : "print"
  }, {
    "author" : "Paul S. Kemp",
    "era" : "Old Republic",
    "rating" : 0,
    "title" : "Star Wars: The Old Republic: Deceived",
    "type" : "print"
  }, {
    "author" : "John Jackson Miller",
    "era" : "Old Republic",
    "rating" : 0,
    "title" : "Lost Tribe of the Sith: Pantheon",
    "type" : "e-book"
  }, {
    "author" : "John Jackson Miller",
    "era" : "Old Republic",
    "rating" : 0,
    "title" : "Lost Tribe of the Sith: Secrets",
    "type" : "e-book"
  }, {
    "author" : "John Jackson Miller",
    "era" : "Old Republic",
    "rating" : 0,
    "title" : "Lost Tribe of the Sith: Pandemonium",
    "type" : "e-book"
  }, {
    "author" : "John Jackson Miller",
    "era" : "Old Republic",
    "rating" : 0,
    "title" : "Lost Tribe of the Sith: The Collected Stories",
    "type" : "e-book"
  }, {
    "author" : "Joe Schreiber",
    "era" : "Old Republic",
    "rating" : 0,
    "title" : "Red Harvest",
    "type" : "print"
  }, {
    "author" : "Sean Williams",
    "era" : "Old Republic",
    "rating" : 0,
    "title" : "Star Wars: The Old Republic: Fatal Alliance",
    "type" : "print"
  }, {
    "author" : "Drew Karpyshyn",
    "era" : "Old Republic",
    "rating" : 0,
    "title" : "Star Wars: The Old Republic: Annihilation",
    "type" : "print"
  }, {
    "author" : "John Jackson Miller",
    "era" : "Old Republic",
    "rating" : 0,
    "title" : "Star Wars: Knight Errant",
    "type" : "print"
  }, {
    "author" : "Drew Karpyshyn",
    "era" : "Old Republic",
    "rating" : 0,
    "title" : "Darth Bane: Path of Destruction",
    "type" : "print"
  }, {
    "author" : "Drew Karpyshyn",
    "era" : "Old Republic",
    "rating" : 0,
    "title" : "Darth Bane: Rule of Two",
    "type" : "print"
  }, {
    "author" : "Drew Karpyshyn",
    "era" : "Old Republic",
    "rating" : 0,
    "title" : "Darth Bane: Dynasty of Evil",
    "type" : "print"
  }, {
    "author" : "Jude Watson",
    "era" : "Rise of the Empire",
    "rating" : 0,
    "title" : "Legacy of the Jedi",
    "type" : "print"
  }, {
    "author" : "Dave Wolverton",
    "era" : "Rise of the Empire",
    "rating" : 0,
    "title" : "The Rising Force",
    "type" : "print"
  }, {
    "author" : "Jude Watson",
    "era" : "Rise of the Empire",
    "rating" : 0,
    "title" : "The Dark Rival",
    "type" : "print"
  }, {
    "author" : "Jude Watson",
    "era" : "Rise of the Empire",
    "rating" : 0,
    "title" : "The Hidden Past",
    "type" : "print"
  }, {
    "author" : "Jude Watson",
    "era" : "Rise of the Empire",
    "rating" : 0,
    "title" : "The Mark of the Crown",
    "type" : "print"
  }, {
    "author" : "Jude Watson",
    "era" : "Rise of the Empire",
    "rating" : 0,
    "title" : "The Defenders of the Dead",
    "type" : "print"
  }, {
    "author" : "Jude Watson",
    "era" : "Rise of the Empire",
    "rating" : 0,
    "title" : "The Uncertain Path",
    "type" : "print"
  }, {
    "author" : "Jude Watson",
    "era" : "Rise of the Empire",
    "rating" : 0,
    "title" : "The Captive Temple",
    "type" : "print"
  }, {
    "author" : "Jude Watson",
    "era" : "Rise of the Empire",
    "rating" : 0,
    "title" : "The Day of Reckoning",
    "type" : "print"
  }, {
    "author" : "Jude Watson",
    "era" : "Rise of the Empire",
    "rating" : 0,
    "title" : "The fight for Truth",
    "type" : "print"
  }, {
    "author" : "Jude Watson",
    "era" : "Rise of the Empire",
    "rating" : 0,
    "title" : "The Shattered Peace",
    "type" : "print"
  }, {
    "author" : "Jude Watson",
    "era" : "Rise of the Empire",
    "rating" : 0,
    "title" : "The Deadly Hunter",
    "type" : "print"
  }, {
    "author" : "Jude Watson",
    "era" : "Rise of the Empire",
    "rating" : 0,
    "title" : "The Evil Experiment",
    "type" : "print"
  }, {
    "author" : "Jude Watson",
    "era" : "Rise of the Empire",
    "rating" : 0,
    "title" : "The Dangerous Rescue",
    "type" : "print"
  }, {
    "author" : "Jude Watson",
    "era" : "Rise of the Empire",
    "rating" : 0,
    "title" : "The Ties that Bind",
    "type" : "print"
  }, {
    "author" : "Jude Watson",
    "era" : "Rise of the Empire",
    "rating" : 0,
    "title" : "The Death of Hope",
    "type" : "print"
  }, {
    "author" : "Jude Watson",
    "era" : "Rise of the Empire",
    "rating" : 0,
    "title" : "The Call to Vengeance",
    "type" : "print"
  }, {
    "author" : "Jude Watson",
    "era" : "Rise of the Empire",
    "rating" : 0,
    "title" : "The Only Witness",
    "type" : "print"
  }, {
    "author" : "Jude Watson",
    "era" : "Rise of the Empire",
    "rating" : 0,
    "title" : "The Threat Within",
    "type" : "print"
  }, {
    "author" : "James Luceno",
    "era" : "Rise of the Empire",
    "rating" : 0,
    "title" : "Star Wars: Darth Plagueis",
    "type" : "print"
  }, {
    "author" : "Jude Watson",
    "era" : "Rise of the Empire",
    "rating" : 0,
    "title" : "Secrets of the Jedi",
    "type" : "print"
  }, {
    "author" : "James Luceno",
    "era" : "Rise of the Empire",
    "rating" : 0,
    "title" : "Darth Maul: Saboteur",
    "type" : "e-book"
  }, {
    "author" : "James Luceno",
    "era" : "Rise of the Empire",
    "rating" : 0,
    "title" : "Cloak of Deception",
    "type" : "print"
  }, {
    "author" : "Michael Reaves",
    "era" : "Rise of the Empire",
    "rating" : 0,
    "title" : "Darth Maul: Shadow Hunter",
    "type" : "print"
  }, {
    "author" : "Joe Schreiber",
    "era" : "Rise of the Empire",
    "rating" : 0,
    "title" : "Star Wars: Maul: Lockdown",
    "type" : "print"
  }, {
    "author" : "Terry Brooks",
    "era" : "Rise of the Empire",
    "rating" : 0,
    "title" : "Star Wars Episode I: The Phantom Menace",
    "type" : "print"
  }, {
    "author" : "Greg Bear",
    "era" : "Rise of the Empire",
    "rating" : 0,
    "title" : "Rogue Planet",
    "type" : "print"
  }, {
    "author" : "Jude Watson",
    "era" : "Rise of the Empire",
    "rating" : 0,
    "title" : "Path to Truth",
    "type" : "print"
  }, {
    "author" : "Jude Watson",
    "era" : "Rise of the Empire",
    "rating" : 0,
    "title" : "The Way of the Apprentice",
    "type" : "print"
  }, {
    "author" : "Jude Watson",
    "era" : "Rise of the Empire",
    "rating" : 0,
    "title" : "The Trail of the Jedi",
    "type" : "print"
  }, {
    "author" : "Jude Watson",
    "era" : "Rise of the Empire",
    "rating" : 0,
    "title" : "The Dangerous Games",
    "type" : "print"
  }, {
    "author" : "Jude Watson",
    "era" : "Rise of the Empire",
    "rating" : 0,
    "title" : "Tha Master of Disguise",
    "type" : "print"
  }, {
    "author" : "Jude Watson",
    "era" : "Rise of the Empire",
    "rating" : 0,
    "title" : "The School of Fear",
    "type" : "print"
  }, {
    "author" : "Jude Watson",
    "era" : "Rise of the Empire",
    "rating" : 0,
    "title" : "The Shadow Trap",
    "type" : "print"
  }, {
    "author" : "Jude Watson",
    "era" : "Rise of the Empire",
    "rating" : 0,
    "title" : "The Moment of Truth",
    "type" : "print"
  }, {
    "author" : "Jude Watson",
    "era" : "Rise of the Empire",
    "rating" : 0,
    "title" : "The Changing of the Guard",
    "type" : "print"
  }, {
    "author" : "Jude Watson",
    "era" : "Rise of the Empire",
    "rating" : 0,
    "title" : "The False Peace",
    "type" : "print"
  }, {
    "author" : "Jude Watson",
    "era" : "Rise of the Empire",
    "rating" : 0,
    "title" : "The Final Showdown",
    "type" : "print"
  }, {
    "author" : "Timothy Zahn",
    "era" : "Rise of the Empire",
    "rating" : 0,
    "title" : "Outbound Flight",
    "type" : "print"
  }, {
    "author" : "Karen Miller",
    "era" : "Rise of the Empire",
    "rating" : 0,
    "title" : "The Clone Wars: Wild Space",
    "type" : "print"
  }, {
    "author" : "Matthew Stover",
    "era" : "Rise of the Empire",
    "rating" : 0,
    "title" : "Shatterpoint",
    "type" : "print"
  }, {
    "author" : "Alan Dean Foster",
    "era" : "Rise of the Empire",
    "rating" : 0,
    "title" : "The Approaching Strom",
    "type" : "print"
  }, {
    "author" : "R. A. Salvatore",
    "era" : "Clone Wars",
    "rating" : 0,
    "title" : "Star Wars Episode II: Attack of the Clones",
    "type" : "print"
  }, {
    "author" : "Karen Traviss",
    "era" : "Clone Wars",
    "rating" : 0,
    "title" : "Republic Commando: Hard Contact",
    "type" : "print"
  }, {
    "author" : "Karen Traviss",
    "era" : "Clone Wars",
    "rating" : 0,
    "title" : "Star Wars: The Clone Wars",
    "type" : "print"
  }, {
    "author" : "Karen Miller",
    "era" : "Clone Wars",
    "rating" : 0,
    "title" : "Star Wars: The Clone Wars - Wild Space",
    "type" : "print"
  }, {
    "author" : "Karen Traviss",
    "era" : "Clone Wars",
    "rating" : 0,
    "title" : "Star Wars: The Clone Wars - No Prisoners",
    "type" : "print"
  }, {
    "author" : "Karen Miller",
    "era" : "Clone Wars",
    "rating" : 0,
    "title" : "Clone Wars Gambit: Stealth",
    "type" : "print"
  }, {
    "author" : "Karen Miller",
    "era" : "Clone Wars",
    "rating" : 0,
    "title" : "Clone Wars Gambit: Siege",
    "type" : "print"
  }, {
    "author" : "Matthew Stover",
    "era" : "Clone Wars",
    "rating" : 0,
    "title" : "Equipment",
    "type" : "print"
  }, {
    "author" : "Matthew Stover",
    "era" : "Clone Wars",
    "rating" : 0,
    "title" : "Shatterpoint",
    "type" : "print"
  }, {
    "author" : "Steven Barnes",
    "era" : "Clone Wars",
    "rating" : 0,
    "title" : "The Cestus Deception",
    "type" : "print"
  }, {
    "author" : "Steven Barnes",
    "era" : "Clone Wars",
    "rating" : 0,
    "title" : "The Hive",
    "type" : "print"
  }, {
    "author" : "Karen Traviss",
    "era" : "Clone Wars",
    "rating" : 0,
    "title" : "Republic Commando: Triple Zero",
    "type" : "print"
  }, {
    "author" : "Karen Traviss",
    "era" : "Clone Wars",
    "rating" : 0,
    "title" : "Republic Command: True Colors",
    "type" : "print"
  }, {
    "author" : "Steve Parry and Michael Reaves",
    "era" : "Clone Wars",
    "rating" : 0,
    "title" : "MedStar I: Battle Surgeons",
    "type" : "print"
  }, {
    "author" : "Steve Parry and Michael Reaves",
    "era" : "Clone Wars",
    "rating" : 0,
    "title" : "MedStar II: Jedi Healer",
    "type" : "print"
  }, {
    "author" : "David Sherman and Dan Cragg",
    "era" : "Clone Wars",
    "rating" : 0,
    "title" : "Jedi Trial",
    "type" : "print"
  }, {
    "author" : "Sean Stewart",
    "era" : "Clone Wars",
    "rating" : 0,
    "title" : "Yoda: Dark Rendezvous",
    "type" : "print"
  }, {
    "author" : "James Luceno",
    "era" : "Clone Wars",
    "rating" : 0,
    "title" : "Labyrint of Evil",
    "type" : "print"
  }, {
    "author" : "Matthew Stover",
    "era" : "Clone Wars",
    "rating" : 0,
    "title" : "Star Wars Episode III: Revenge of the Sith",
    "type" : "print"
  }, {
    "author" : "Karen Traviss",
    "era" : "Clone Wars",
    "rating" : 0,
    "title" : "Order 66",
    "type" : "print"
  }, {
    "author" : "Jude Watson",
    "era" : "Imperial",
    "rating" : 0,
    "title" : "The Desperate Mission",
    "type" : "print"
  }, {
    "author" : "Jude Watson",
    "era" : "Imperial",
    "rating" : 0,
    "title" : "The Dark Warning",
    "type" : "print"
  }, {
    "author" : "Jude Watson",
    "era" : "Imperial",
    "rating" : 0,
    "title" : "Underworld",
    "type" : "print"
  }, {
    "author" : "Jude Watson",
    "era" : "Imperial",
    "rating" : 0,
    "title" : "A Tangled Web",
    "type" : "print"
  }, {
    "author" : "Jude Watson",
    "era" : "Imperial",
    "rating" : 0,
    "title" : "Return of the Dark Side",
    "type" : "print"
  }, {
    "author" : "Jude Watson",
    "era" : "Imperial",
    "rating" : 0,
    "title" : "Secret Weapon",
    "type" : "print"
  }, {
    "author" : "Jude Watson",
    "era" : "Imperial",
    "rating" : 0,
    "title" : "Against the Empire",
    "type" : "print"
  }, {
    "author" : "Jude Watson",
    "era" : "Imperial",
    "rating" : 0,
    "title" : "Master of Deception",
    "type" : "print"
  }, {
    "author" : "Jude Watson",
    "era" : "Imperial",
    "rating" : 0,
    "title" : "Reckoning",
    "type" : "print"
  }, {
    "author" : "Karen Traviss",
    "era" : "Imperial",
    "rating" : 0,
    "title" : "In His Image",
    "type" : "print"
  }, {
    "author" : "Karen Traviss",
    "era" : "Imperial",
    "rating" : 0,
    "title" : "A Two-Edged Sword",
    "type" : "print"
  }, {
    "author" : "John Jackson Miller",
    "era" : "Imperial",
    "rating" : 0,
    "title" : "Star Wars: Kenobi",
    "type" : "print"
  }, {
    "author" : "James Luceno",
    "era" : "Imperial",
    "rating" : 0,
    "title" : "Dark Lord: The Rise of Darth Vader",
    "type" : "print"
  }, {
    "author" : "Michael Reaves",
    "era" : "Imperial",
    "rating" : 0,
    "title" : "Jedi Twilight",
    "type" : "print"
  }, {
    "author" : "Michael Reaves",
    "era" : "Imperial",
    "rating" : 0,
    "title" : "Street of Shadows",
    "type" : "print"
  }, {
    "author" : "Micheal Reaves",
    "era" : "Imperial",
    "rating" : 0,
    "title" : "Patterns of Force",
    "type" : "print"
  }, {
    "author" : "Micheal Reaves and Maya Kaathryn Bohnhoff",
    "era" : "Imperial",
    "rating" : 0,
    "title" : "The Last Jedi",
    "type" : "print"
  }, {
    "author" : "Karen Traviss",
    "era" : "Imperial",
    "rating" : 0,
    "title" : "Imperial Command: 501st",
    "type" : "print"
  }, {
    "author" : "A. C. Crispin",
    "era" : "Imperial",
    "rating" : 0,
    "title" : "The Paradise Snare",
    "type" : "print"
  }, {
    "author" : "A. C. Crispin",
    "era" : "Imperial",
    "rating" : 0,
    "title" : "The Hutt Gambit",
    "type" : "print"
  }, {
    "author" : "A. C. Crispin",
    "era" : "Imperial",
    "rating" : 0,
    "title" : "Rebel Dawn",
    "type" : "print"
  }, {
    "author" : "L. Neil Smith",
    "era" : "Imperial",
    "rating" : 0,
    "title" : "Lando Calrissian and the Mindharp of Sharu",
    "type" : "print"
  }, {
    "author" : "L. Neil Smith",
    "era" : "Imperial",
    "rating" : 0,
    "title" : "Lando Calrissian and the Flamewind of Oseon",
    "type" : "print"
  }, {
    "author" : "L. Neil Smith",
    "era" : "Imperial",
    "rating" : 0,
    "title" : "Lando Calrissian and the Starcave of ThonBoka",
    "type" : "print"
  }, {
    "author" : "Sean Williams",
    "era" : "Imperial",
    "rating" : 0,
    "title" : "The Force Unleashed",
    "type" : "print"
  }, {
    "author" : "Sean Williams",
    "era" : "Imperial",
    "rating" : 0,
    "title" : "The Force Unleashed II",
    "type" : "print"
  }, {
    "author" : "Brian Daley",
    "era" : "Imperial",
    "rating" : 0,
    "title" : "Han Solo at Stars' End",
    "type" : "print"
  }, {
    "author" : "Brian Daley",
    "era" : "Imperial",
    "rating" : 0,
    "title" : "Han Solo's Revenge",
    "type" : "print"
  }, {
    "author" : "Brian Daley",
    "era" : "Imperial",
    "rating" : 0,
    "title" : "Han Solo and the Lost Legacy",
    "type" : "print"
  }, {
    "author" : "Michael Reaves and Maya Kaathryn Bohnhoff",
    "era" : "Imperial",
    "rating" : 0,
    "title" : "Shadow Games",
    "type" : "print"
  }, {
    "author" : "Joe Schrieber",
    "era" : "Imperial",
    "rating" : 0,
    "title" : "Death Troopers",
    "type" : "print"
  }, {
    "author" : "Michael Reaves and Steve Perry",
    "era" : "Rebellion",
    "rating" : 0,
    "title" : "Death Star",
    "type" : "print"
  }, {
    "author" : "George Lucas and Alan Dean Foster",
    "era" : "Rebellion",
    "rating" : 0,
    "title" : "Star Wars Episode IV: A New Hope",
    "type" : "print"
  }, {
    "author" : "Timothy Zahn",
    "era" : "Rebellion",
    "rating" : 0,
    "title" : "Scoundrels",
    "type" : "print"
  }, {
    "author" : "Timothy Zahn",
    "era" : "Rebellion",
    "rating" : 10,
    "title" : "Allegiance",
    "type" : "print"
  }, {
    "author" : "Timothy Zahn",
    "era" : "Rebellion",
    "rating" : 10,
    "title" : "Choices of One",
    "type" : "print"
  }, {
    "author" : "Voronica Whitney-Robinson",
    "era" : "Rebellion",
    "rating" : 0,
    "title" : "Star Wars Galaxies: The Ruins of Dantooine",
    "type" : "print"
  }, {
    "author" : "Alan Dean Foster",
    "era" : "Rebellion",
    "rating" : 0,
    "title" : "Splinter of the Mind's Eye",
    "type" : "print"
  }, {
    "author" : "Martha Wells",
    "era" : "Rebellion",
    "rating" : 0,
    "title" : "Empire and Rebellion: Razor's Edge",
    "type" : "print"
  }, {
    "author" : "Donald F. Glut",
    "era" : "Rebellion",
    "rating" : 0,
    "title" : "Star Wars Episode V: The Empire Strikes Back",
    "type" : "print"
  }, {
    "author" : "Steve Perry",
    "era" : "Rebellion",
    "rating" : 0,
    "title" : "Shadows of the Empire",
    "type" : "print"
  }, {
    "author" : "James Kahn",
    "era" : "Rebellion",
    "rating" : 0,
    "title" : "Star Wars Episode VI: Return of the Jedi",
    "type" : "print"
  }, {
    "author" : "K. W. Jeter",
    "era" : "Rebellion",
    "rating" : 0,
    "title" : "The Madalorian Armor",
    "type" : "print"
  }, {
    "author" : "K. W. Jeter",
    "era" : "Rebellion",
    "rating" : 0,
    "title" : "Slave Ship",
    "type" : "print"
  }, {
    "author" : "K. W. Jeter",
    "era" : "Rebellion",
    "rating" : 0,
    "title" : "Hard Merchandise",
    "type" : "print"
  }, {
    "author" : "Kathy Tyers",
    "era" : "Rebellion",
    "rating" : 0,
    "title" : "The Truce at Bakura",
    "type" : "print"
  }, {
    "author" : "Matthew Stover",
    "era" : "New Republic",
    "rating" : 0,
    "title" : "Luke Skywalker and the Shadows of Mindor",
    "type" : "print"
  }, {
    "author" : "Michael A. Stackpole",
    "era" : "New Republic",
    "rating" : 0,
    "title" : "X-Wing: Rouge Squadro",
    "type" : "print"
  }, {
    "author" : "Michael A. Stackpole",
    "era" : "New Republic",
    "rating" : 0,
    "title" : "X-Wing: Wedge's Gamble",
    "type" : "print"
  }, {
    "author" : "Michael A. Stackpole",
    "era" : "New Republic",
    "rating" : 0,
    "title" : "X-Wing: The Krytos Trap",
    "type" : "print"
  }, {
    "author" : "Michael A. Stackpole",
    "era" : "New Republic",
    "rating" : 0,
    "title" : "X-Wing: The Bacta War",
    "type" : "print"
  }, {
    "author" : "Aaron Allston",
    "era" : "New Republic",
    "rating" : 0,
    "title" : "X-Wing: Wraith Squadron",
    "type" : "print"
  }, {
    "author" : "Aaron Allston",
    "era" : "New Republic",
    "rating" : 0,
    "title" : "X-Wing: Iron Fist",
    "type" : "print"
  }, {
    "author" : "Aaron Allston",
    "era" : "New Republic",
    "rating" : 0,
    "title" : "X-Wing: Solo Command",
    "type" : "print"
  }, {
    "author" : "Dave Wolverton",
    "era" : "New Republic",
    "rating" : 0,
    "title" : "The Courtship of Princess Leia",
    "type" : "print"
  }, {
    "author" : "Timothy Zahn",
    "era" : "New Republic",
    "rating" : 0,
    "title" : "Crisis of Faith",
    "type" : "print"
  }, {
    "author" : "Troy Denning",
    "era" : "New Republic",
    "rating" : 0,
    "title" : "A Forest Apart",
    "type" : "e-book"
  }, {
    "author" : "Troy Denning",
    "era" : "New Republic",
    "rating" : 0,
    "title" : "Tatooine Ghost",
    "type" : "print"
  }, {
    "author" : "Timothy Zahn",
    "era" : "New Republic",
    "rating" : 0,
    "title" : "Heir to the Empire",
    "type" : "print"
  }, {
    "author" : "Timothy Zahn",
    "era" : "New Republic",
    "rating" : 0,
    "title" : "Dark Force Rising",
    "type" : "print"
  }, {
    "author" : "Timothy Zahn",
    "era" : "New Republic",
    "rating" : 0,
    "title" : "The Last Command",
    "type" : "print"
  }, {
    "author" : "Michael A. Stackpole",
    "era" : "New Republic",
    "rating" : 0,
    "title" : "X-Wing: Isaard's Revenge",
    "type" : "print"
  }, {
    "author" : "Kevin J. Anderson",
    "era" : "New Republic",
    "rating" : 0,
    "title" : "Jedi Search",
    "type" : "print"
  }, {
    "author" : "Kevin J. Anderson",
    "era" : "New Republic",
    "rating" : 0,
    "title" : "Dark Apprentice",
    "type" : "print"
  }, {
    "author" : "Kevin J. Anderson",
    "era" : "New Republic",
    "rating" : 0,
    "title" : "Champions of the Force",
    "type" : "print"
  }, {
    "author" : "Michael A. Stackpole",
    "era" : "New Republic",
    "rating" : 0,
    "title" : "I, Jedi",
    "type" : "print"
  }, {
    "author" : "Barbara Hambly",
    "era" : "New Republic",
    "rating" : 0,
    "title" : "Children of the Jedi",
    "type" : "print"
  }, {
    "author" : "Kevin J. Anderson",
    "era" : "New Republic",
    "rating" : 0,
    "title" : "Darksaber",
    "type" : "print"
  }, {
    "author" : "Barbara Hambly",
    "era" : "New Republic",
    "rating" : 0,
    "title" : "Planet of Twilight",
    "type" : "print"
  }, {
    "author" : "Aaron Allston",
    "era" : "New Republic",
    "rating" : 0,
    "title" : "X-Wing: Starfigthers of Adumer",
    "type" : "print"
  }, {
    "author" : "Vonda N. McIntyre",
    "era" : "New Republic",
    "rating" : 0,
    "title" : "The Crystal Star",
    "type" : "print"
  }, {
    "author" : "Michael P. Kuba-McDowell",
    "era" : "New Republic",
    "rating" : 0,
    "title" : "Before the Storm",
    "type" : "print"
  }, {
    "author" : "Michael P. Kuba-McDowell",
    "era" : "New Republic",
    "rating" : 0,
    "title" : "Shield of Lies",
    "type" : "print"
  }, {
    "author" : "Michael P. Kuba-McDowell",
    "era" : "New Republic",
    "rating" : 0,
    "title" : "Tyrant's Test",
    "type" : "print"
  }, {
    "author" : "Kristine Kathryn Rusch",
    "era" : "New Republic",
    "rating" : 0,
    "title" : "The New Rebellion",
    "type" : "print"
  }, {
    "author" : "Roger MacBride Allen",
    "era" : "New Republic",
    "rating" : 0,
    "title" : "Ambush at Corellia",
    "type" : "print"
  }, {
    "author" : "Roger MacBride Allen",
    "era" : "New Republic",
    "rating" : 0,
    "title" : "Assault at Selonia",
    "type" : "print"
  }, {
    "author" : "Roger MacBride Allen",
    "era" : "New Republic",
    "rating" : 0,
    "title" : "Showdown at Centerpoint",
    "type" : "print"
  }, {
    "author" : "Timothy Zahn",
    "era" : "New Republic",
    "rating" : 0,
    "title" : "Specter of the Past",
    "type" : "print"
  }, {
    "author" : "Timothy Zahn",
    "era" : "New Republic",
    "rating" : 0,
    "title" : "Vision of the Future",
    "type" : "print"
  }, {
    "author" : "Jeff Grubb",
    "era" : "New Republic",
    "rating" : 0,
    "title" : "Scourge",
    "type" : "print"
  }, {
    "author" : "Timothy Zahn",
    "era" : "New Republic",
    "rating" : 0,
    "title" : "Fool's Bargain",
    "type" : "print"
  }, {
    "author" : "Timothy Zahn",
    "era" : "New Republic",
    "rating" : 0,
    "title" : "Survivor's Quest",
    "type" : "print"
  }, {
    "author" : "R. A. Salvatore",
    "era" : "New Jedi Order",
    "rating" : 0,
    "title" : "Vector Prime",
    "type" : "print"
  }, {
    "author" : "Michael A. Stackpole",
    "era" : "New Jedi Order",
    "rating" : 0,
    "title" : "Dark Tide I: Onslaught",
    "type" : "print"
  }, {
    "author" : "Michael A. Stackpole",
    "era" : "New Jedi Order",
    "rating" : 0,
    "title" : "Dark Tide II: Ruin",
    "type" : "print"
  }, {
    "author" : "James Luceno",
    "era" : "New Jedi Order",
    "rating" : 0,
    "title" : "Agents of Chaos I: Hero's Trial",
    "type" : "print"
  }, {
    "author" : "James Luceno",
    "era" : "New Jedi Order",
    "rating" : 0,
    "title" : "Agents of Chaos II: Jedi Eclipse",
    "type" : "print"
  }, {
    "author" : "Kathy Tyers",
    "era" : "New Jedi Order",
    "rating" : 0,
    "title" : "Balance Point",
    "type" : "print"
  }, {
    "author" : "Troy Denning",
    "era" : "New Jedi Order",
    "rating" : 0,
    "title" : "Recovery",
    "type" : "print"
  }, {
    "author" : "Gregory Keyes",
    "era" : "New Jedi Order",
    "rating" : 0,
    "title" : "Edge of Victory I: Conquest",
    "type" : "print"
  }, {
    "author" : "Gregory Keyes",
    "era" : "New Jedi Order",
    "rating" : 0,
    "title" : "Edge of Victory II: Rebirth",
    "type" : "print"
  }, {
    "author" : "Troy Dennig",
    "era" : "New Jedi Order",
    "rating" : 0,
    "title" : "Star by Star",
    "type" : "print"
  }, {
    "author" : "Elaine Cunningham",
    "era" : "New Jedi Order",
    "rating" : 0,
    "title" : "Dark Journey",
    "type" : "print"
  }, {
    "author" : "Aaron Allston",
    "era" : "New Jedi Order",
    "rating" : 0,
    "title" : "Enemy Lines I: Rebel Dream",
    "type" : "print"
  }, {
    "author" : "Aaron Allston",
    "era" : "New Jedi Order",
    "rating" : 0,
    "title" : "Enemy Lines II: Rebel Stand",
    "type" : "print"
  }, {
    "author" : "Matthew Stover",
    "era" : "New Jedi Order",
    "rating" : 0,
    "title" : "Traitor",
    "type" : "print"
  }, {
    "author" : "Walter Jon Williams",
    "era" : "New Jedi Order",
    "rating" : 0,
    "title" : "Destiny's Way",
    "type" : "print"
  }, {
    "author" : "Walter Jon Williams",
    "era" : "New Jedi Order",
    "rating" : 0,
    "title" : "Ylesia",
    "type" : "e-book"
  }, {
    "author" : "Sean Williams and Shane Dix",
    "era" : "New Jedi Order",
    "rating" : 0,
    "title" : "Force Heretic I: Remnant",
    "type" : "print"
  }, {
    "author" : "Sean Williams and Shane Dix",
    "era" : "New Jedi Order",
    "rating" : 0,
    "title" : "Force Heretic II: Refugee",
    "type" : "print"
  }, {
    "author" : "Sean Williams and Shane Dix",
    "era" : "New Jedi Order",
    "rating" : 0,
    "title" : "Force Heretic III: Reunion",
    "type" : "print"
  }, {
    "author" : "Gregory Keyes",
    "era" : "New Jedi Order",
    "rating" : 0,
    "title" : "The Final Prophecy",
    "type" : "print"
  }, {
    "author" : "James Luceno",
    "era" : "New Jedi Order",
    "rating" : 0,
    "title" : "The Unifying Force",
    "type" : "print"
  }, {
    "author" : "Troy Denning",
    "era" : "New Jedi Order",
    "rating" : 0,
    "title" : "Dark Nest I",
    "type" : "print"
  }, {
    "author" : "Troy Denning",
    "era" : "New Jedi Order",
    "rating" : 0,
    "title" : "Dark Nest II",
    "type" : "print"
  }, {
    "author" : "Troy Denning",
    "era" : "New Jedi Order",
    "rating" : 0,
    "title" : "Dark Nest III",
    "type" : "print"
  }, {
    "author" : "Aaron Allston",
    "era" : "Legacy",
    "rating" : 0,
    "title" : "Betrayal",
    "type" : "print"
  }, {
    "author" : "Karen Traviss",
    "era" : "Legacy",
    "rating" : 0,
    "title" : "Bloodlines",
    "type" : "print"
  }, {
    "author" : "Troy Denning",
    "era" : "Legacy",
    "rating" : 0,
    "title" : "Tempest",
    "type" : "print"
  }, {
    "author" : "Aaron Allston",
    "era" : "Legacy",
    "rating" : 0,
    "title" : "Exile",
    "type" : "print"
  }, {
    "author" : "Karen Traviss",
    "era" : "Legacy",
    "rating" : 0,
    "title" : "Sacrifice",
    "type" : "print"
  }, {
    "author" : "Troy Denning",
    "era" : "Legacy",
    "rating" : 0,
    "title" : "Inferno",
    "type" : "print"
  }, {
    "author" : "Aaron Allston",
    "era" : "Legacy",
    "rating" : 0,
    "title" : "Fury",
    "type" : "print"
  }, {
    "author" : "Karen Traviss",
    "era" : "Legacy",
    "rating" : 0,
    "title" : "Revelation",
    "type" : "print"
  }, {
    "author" : "Troy Denning",
    "era" : "Legacy",
    "rating" : 0,
    "title" : "Invincible",
    "type" : "print"
  }, {
    "author" : "Paul S. Kemp",
    "era" : "Legacy",
    "rating" : 0,
    "title" : "Crosscurrent",
    "type" : "print"
  }, {
    "author" : "Paul S. Kemp",
    "era" : "Legacy",
    "rating" : 0,
    "title" : "Riptide",
    "type" : "print"
  }, {
    "author" : "James Luceno",
    "era" : "Legacy",
    "rating" : 0,
    "title" : "Millenium Falcon",
    "type" : "print"
  }, {
    "author" : "Aaron Allston",
    "era" : "Legacy",
    "rating" : 0,
    "title" : "Outcast",
    "type" : "print"
  }, {
    "author" : "Christie Golden",
    "era" : "Legacy",
    "rating" : 0,
    "title" : "Omen",
    "type" : "print"
  }, {
    "author" : "Troy Denning",
    "era" : "Legacy",
    "rating" : 0,
    "title" : "Abyss",
    "type" : "print"
  }, {
    "author" : "Aaron Allston",
    "era" : "Legacy",
    "rating" : 0,
    "title" : "Backlash",
    "type" : "print"
  }, {
    "author" : "Christie Golden",
    "era" : "Legacy",
    "rating" : 0,
    "title" : "Allies",
    "type" : "print"
  }, {
    "author" : "Troy Denning",
    "era" : "Legacy",
    "rating" : 0,
    "title" : "Vortex",
    "type" : "print"
  }, {
    "author" : "Aaron Allston",
    "era" : "Legacy",
    "rating" : 0,
    "title" : "Conviction",
    "type" : "print"
  }, {
    "author" : "Christie Golden",
    "era" : "Legacy",
    "rating" : 0,
    "title" : "Ascension",
    "type" : "print"
  }, {
    "author" : "Troy Denning",
    "era" : "Legacy",
    "rating" : 0,
    "title" : "Apocalypse",
    "type" : "print"
  }, {
    "author" : "Aaron Allston",
    "era" : "Legacy",
    "rating" : 0,
    "title" : "X-Wing: Mercy Kill",
    "type" : "print"
  }, {
    "author" : "Troy Denning",
    "era" : "Legacy",
    "title" : "Crucible",
    "type" : "print"
  } ]
}
